{
    "root_group": {
        "name": "",
        "path": "",
        "id": "d41d8cd98f00b204e9800998ecf8427e",
        "groups": {},
        "checks": {
                "status is 2xx": {
                    "id": "625da780c1868b693c9052f10511e6a0",
                    "passes": 10412,
                    "fails": 7,
                    "name": "status is 2xx",
                    "path": "::status is 2xx"
                }
            }
    },
    "metrics": {
        "http_req_failed": {
            "fails": 10412,
            "passes": 7,
            "thresholds": {
                "rate<0.01": false
            },
            "value": 0.0006718495057107208
        },
        "vus_max": {
            "value": 100,
            "min": 100,
            "max": 100
        },
        "data_sent": {
            "count": 1896258,
            "rate": 10531.892698101094
        },
        "iteration_duration": {
            "med": 604.376562,
            "max": 3938.987613,
            "p(90)": 1622.9151296000002,
            "p(95)": 2013.8171507000009,
            "avg": 762.2106678375118,
            "min": 104.845778
        },
        "http_req_blocked": {
            "med": 0.008522,
            "max": 16.5201,
            "p(90)": 0.0135572,
            "p(95)": 0.02136900000000002,
            "avg": 0.045690982819848354,
            "min": 0.00308
        },
        "vus": {
            "min": 0,
            "max": 99,
            "value": 1
        },
        "checks": {
            "fails": 7,
            "passes": 10412,
            "value": 0.9993281504942892
        },
        "http_req_connecting": {
            "max": 14.440728,
            "p(90)": 0,
            "p(95)": 0,
            "avg": 0.016848719454842117,
            "min": 0,
            "med": 0
        },
        "iterations": {
            "rate": 57.86754229725876,
            "count": 10419
        },
        "http_req_tls_handshaking": {
            "avg": 0,
            "min": 0,
            "med": 0,
            "max": 0,
            "p(90)": 0,
            "p(95)": 0
        },
        "http_req_sending": {
            "med": 0.03502,
            "max": 17.942223,
            "p(90)": 0.10636220000000009,
            "p(95)": 0.3291617000000006,
            "avg": 0.11163389720702535,
            "min": 0.011247
        },
        "http_req_receiving": {
            "p(90)": 0.4389392000000002,
            "p(95)": 0.9405694000000002,
            "avg": 0.24620989864670187,
            "min": 0.025334,
            "med": 0.097751,
            "max": 22.10457
        },
        "http_req_duration": {
            "p(90)": 1519.3092474000005,
            "p(95)": 1911.9484776000002,
            "avg": 660.0695226685853,
            "min": 4.163026,
            "med": 501.834676,
            "max": 3837.402345,
            "thresholds": {
                "p(95)<200": true
            }
        },
        "http_reqs": {
            "count": 10419,
            "rate": 57.86754229725876
        },
        "data_received": {
            "count": 2198584,
            "rate": 12211.023381713825
        },
        "http_req_waiting": {
            "p(95)": 1911.5118477,
            "avg": 659.7116788727299,
            "min": 4.035114,
            "med": 501.425705,
            "max": 3837.294316,
            "p(90)": 1519.2377568000004
        },
        "http_req_duration{expected_response:true}": {
            "max": 3837.402345,
            "p(90)": 1519.6985222999997,
            "p(95)": 1912.1166091999994,
            "avg": 659.6027871304256,
            "min": 4.163026,
            "med": 501.33687050000003
        }
    }
}